,precision,recall,f1-score,support
0,0.6774193548387096,0.6176470588235294,0.6461538461538462,34.0
1,1.0,0.8571428571428571,0.923076923076923,7.0
2,0.6666666666666666,0.5714285714285714,0.6153846153846153,7.0
3,0.36363636363636365,0.4,0.380952380952381,10.0
4,0.5833333333333334,0.875,0.7000000000000001,8.0
accuracy,0.6363636363636364,0.6363636363636364,0.6363636363636364,0.6363636363636364
macro avg,0.6582111436950147,0.6642436974789916,0.6531135531135531,66.0
weighted avg,0.6515447732456529,0.6363636363636364,0.6386058386058386,66.0
