,precision,recall,f1-score,support
0,0.7333333333333333,0.6111111111111112,0.6666666666666666,18.0
1,0.8888888888888888,0.8888888888888888,0.8888888888888888,9.0
2,1.0,0.9,0.9473684210526316,10.0
3,0.6666666666666666,0.8333333333333334,0.7407407407407408,12.0
4,0.7,0.7777777777777778,0.7368421052631577,9.0
accuracy,0.7758620689655172,0.7758620689655172,0.7758620689655172,0.7758620689655172
macro avg,0.7977777777777778,0.8022222222222222,0.7961013645224172,58.0
weighted avg,0.7844827586206896,0.7758620689655172,0.7757612421859245,58.0
