,precision,recall,f1-score,support
0,0.3333333333333333,0.35294117647058826,0.34285714285714286,17.0
1,0.7777777777777778,1.0,0.8750000000000001,7.0
2,0.625,0.5555555555555556,0.5882352941176471,9.0
3,0.5,0.4166666666666667,0.45454545454545453,12.0
4,0.7,0.7,0.7,10.0
accuracy,0.5454545454545454,0.5454545454545454,0.5454545454545454,0.5454545454545454
macro avg,0.5872222222222222,0.6050326797385621,0.5921275783040489,55.0
weighted avg,0.5406565656565656,0.5454545454545454,0.5400406278213764,55.0
