,precision,recall,f1-score,support
0,0.4375,0.4117647058823529,0.42424242424242425,17.0
1,0.75,0.8571428571428571,0.7999999999999999,7.0
2,0.3333333333333333,0.3333333333333333,0.3333333333333333,9.0
3,0.5454545454545454,0.5,0.5217391304347826,12.0
4,0.7272727272727273,0.8,0.761904761904762,10.0
accuracy,0.5454545454545454,0.5454545454545454,0.5454545454545454,0.5454545454545454
macro avg,0.5587121212121213,0.5804481792717086,0.5682439299830604,55.0
weighted avg,0.5364669421487603,0.5454545454545454,0.5398552435706586,55.0
