,precision,recall,f1-score,support
0,0.4,0.11764705882352941,0.1818181818181818,17.0
1,0.75,0.8571428571428571,0.7999999999999999,7.0
2,0.6666666666666666,0.6666666666666666,0.6666666666666666,9.0
3,0.5789473684210527,0.9166666666666666,0.7096774193548387,12.0
4,0.7142857142857143,1.0,0.8333333333333333,10.0
accuracy,0.6363636363636364,0.6363636363636364,0.6363636363636364,0.6363636363636364
macro avg,0.6219799498746867,0.7116246498599439,0.6382991202346041,55.0
weighted avg,0.5843677375256323,0.6363636363636364,0.5734612992090997,55.0
