,precision,recall,f1-score,support
0,0.4,0.3076923076923077,0.34782608695652173,13.0
1,0.42857142857142855,0.42857142857142855,0.42857142857142855,7.0
2,0.8888888888888888,0.8888888888888888,0.8888888888888888,9.0
3,0.7,0.875,0.7777777777777777,8.0
4,0.75,0.8571428571428571,0.7999999999999999,7.0
accuracy,0.6363636363636364,0.6363636363636364,0.6363636363636364,0.6363636363636364
macro avg,0.6334920634920634,0.6714590964590965,0.6486128364389233,44.0
weighted avg,0.6147727272727272,0.6363636363636364,0.621453667105841,44.0
