,precision,recall,f1-score,support
0,0.8544984933275936,0.8630434782608696,0.8587497296128055,2300.0
1,0.24848484848484848,0.25153374233128833,0.25,163.0
2,0.6931818181818182,0.7233201581027668,0.7079303675048357,253.0
3,0.5059760956175299,0.4774436090225564,0.4912959381044487,266.0
4,0.43315508021390375,0.3894230769230769,0.41012658227848103,208.0
accuracy,0.757680250783699,0.757680250783699,0.757680250783699,0.757680250783699
macro avg,0.5470592671651388,0.5409528129281116,0.5436205235001142,3190.0
weighted avg,0.7542039069201412,0.757680250783699,0.7557905359679886,3190.0
